﻿<parameters>
  <parameter name="IIS Web Application Name" defaultValue="Default Web Site/AMS" tags="IisApp">
    <parameterEntry kind="ProviderPath" scope="IisApp" match="^C:\\repos\\Asset-Management-System-Repos\\ams2\\ams2-server-solution\\Ams2PrototypeProject\\obj\\Release\\Package\\PackageTmp$" />
    <parameterEntry kind="ProviderPath" scope="setAcl" match="^C:\\repos\\Asset-Management-System-Repos\\ams2\\ams2-server-solution\\Ams2PrototypeProject\\obj\\Release\\Package\\PackageTmp$" />
  </parameter>
  <parameter name="AmsDb-Web.config Connection String" defaultValue="server=localhost\SQLEXPRESS;database=ams2;uid=ams;pwd=ams">
    <parameterEntry kind="XmlFile" scope="C:\\repos\\Asset-Management-System-Repos\\ams2\\ams2-server-solution\\Ams2PrototypeProject\\obj\\Release\\Package\\PackageTmp\\Web\.config$" match="/configuration/connectionStrings/add[@name='AmsDb']/@connectionString" />
  </parameter>
  <parameter name="AmsDb_DatabasePublish-Web.config Connection String" description="AmsDb Connection String used by Entity Framework Code First Model to deploy the database." defaultValue="Data Source=localhost\SQLEXPRESS;Initial Catalog=ams2;User ID=ams;Password=ams">
    <parameterEntry kind="XmlFile" scope="C:\\repos\\Asset-Management-System-Repos\\ams2\\ams2-server-solution\\Ams2PrototypeProject\\obj\\Release\\Package\\PackageTmp\\Web\.config$" match="/configuration/connectionStrings/add[@name='AmsDb_DatabasePublish']/@connectionString" />
  </parameter>
</parameters>